time_s,latitude,longitude,rel_alt_m,battery_pct
0.00132813,0,0,0,0
0.202097,0,0,0,0
0.402296,47.3978,8.54561,0.001,100
0.602444,47.3978,8.54561,0.005,100
0.802573,47.3978,8.54561,0.008,100
1.00269,47.3978,8.54561,0.011,100
1.20282,47.3978,8.54561,0.012,100
1.40296,47.3978,8.54561,0.011,100
1.60307,47.3978,8.54561,0.01,100
1.80401,47.3978,8.54561,0.01,100
2.00412,47.3978,8.54561,0.01,100
2.20421,47.3978,8.54561,0.013,100
2.40455,47.3978,8.54561,0.016,100
2.6047,47.3978,8.54561,0.017,100
2.80481,47.3978,8.54561,0.019,100
3.00498,47.3978,8.54561,0.022,100
3.20513,47.3978,8.54561,0.024,97
3.40525,47.3978,8.54561,0.025,97
3.60535,47.3978,8.54561,0.027,97
3.80544,47.3978,8.54561,0.027,97
4.00556,47.3978,8.54561,0.029,97
4.20567,47.3978,8.54561,0.029,97
4.406,47.3978,8.54561,0.03,97
4.60611,47.3978,8.54561,0.031,97
4.80626,47.3978,8.54561,0.033,97
5.0064,47.3978,8.54561,0.035,97
5.20652,47.3978,8.54561,0.046,94
5.40666,47.3978,8.54561,0.084,94
5.60723,47.3978,8.54561,0.156,94
5.80737,47.3978,8.54561,0.264,94
6.00749,47.3978,8.54561,0.394,94
6.2076,47.3978,8.54561,0.535,94
6.40773,47.3978,8.54561,0.692,94
6.60785,47.3978,8.54561,0.862,94
6.80799,47.3978,8.54561,1.046,94
7.00814,47.3978,8.54561,1.243,94
7.20849,47.3978,8.54561,1.458,90
7.4086,47.3978,8.54561,1.662,90
7.60872,47.3978,8.54561,1.893,90
7.80883,47.3978,8.54561,2.123,90
8.00925,47.3978,8.54561,2.352,90
8.20938,47.3978,8.54561,2.597,90
8.40951,47.3978,8.54561,2.858,90
8.60964,47.3978,8.54561,3.113,90
8.80994,47.3978,8.54561,3.362,90
9.011,47.3978,8.54561,3.362,90
9.21201,47.3978,8.54561,3.636,87
9.4122,47.3978,8.54561,3.894,87
9.61235,47.3978,8.54561,4.165,87
9.81248,47.3978,8.54561,4.45,87
10.0126,47.3978,8.54561,4.996,87
10.2127,47.3978,8.54561,4.996,87
10.4128,47.3978,8.54561,5.279,87
10.613,47.3978,8.54561,5.577,87
10.8131,47.3978,8.54561,5.852,87
11.0136,47.3978,8.54561,6.141,87
11.2141,47.3978,8.54561,6.443,84
11.4142,47.3978,8.54561,6.735,84
11.6147,47.3978,8.54561,7.017,84
11.8152,47.3978,8.54561,7.313,84
12.0154,47.3978,8.54561,7.61,84
12.2156,47.3978,8.54561,7.92,84
12.4165,47.3978,8.54561,8.209,84
12.6166,47.3978,8.54561,8.508,84
12.8168,47.3978,8.54561,8.818,84
13.0169,47.3978,8.54561,9.106,84
13.217,47.3978,8.54561,9.409,80
13.4171,47.3978,8.54561,9.71,80
13.6173,47.3978,8.54561,10.01,80
13.8174,47.3978,8.54561,10.314,80
14.0175,47.3978,8.54561,10.656,80
14.218,47.3978,8.54561,11.063,80
14.4185,47.3978,8.54561,11.554,80
14.6186,47.3978,8.54561,12.102,80
14.8188,47.3978,8.54561,12.662,80
15.019,47.3978,8.54561,13.223,80
15.2192,47.3978,8.54561,13.779,77
15.4203,47.3978,8.54561,14.342,77
15.6205,47.3978,8.54561,14.91,77
15.8207,47.3978,8.54561,15.485,77
16.0209,47.3978,8.54561,16.062,77
16.2227,47.3978,8.54561,16.643,77
16.4229,47.3978,8.54561,17.226,77
16.623,47.3978,8.54561,17.811,77
16.8232,47.3978,8.54561,18.395,77
17.0233,47.3978,8.54561,18.981,77
17.224,47.3978,8.54561,19.568,77
17.4242,47.3978,8.54561,20.158,74
17.6243,47.3978,8.54561,20.747,74
17.8244,47.3978,8.54561,21.336,74
18.0246,47.3978,8.54561,21.924,74
18.2253,47.3978,8.54561,22.514,74
18.4263,47.3978,8.54561,23.103,74
18.6265,47.3978,8.54561,23.691,74
18.8289,47.3978,8.54561,24.277,74
19.0295,47.3978,8.54561,24.863,74
19.2297,47.3978,8.54561,25.447,70
19.4298,47.3978,8.54561,26.054,70
19.6299,47.3978,8.54561,26.612,70
19.83,47.3978,8.54561,27.194,70
20.0301,47.3978,8.54561,27.773,70
20.231,47.3978,8.54561,28.349,70
20.4321,47.3978,8.54561,28.922,70
20.6322,47.3978,8.54561,29.497,70
20.8324,47.3978,8.54561,30.072,70
21.0325,47.3978,8.54561,30.646,70
21.2327,47.3978,8.54561,31.218,70
21.4328,47.3978,8.54561,31.789,67
21.633,47.3978,8.54561,32.36,67
21.8331,47.3978,8.54561,32.932,67
22.0332,47.3978,8.54561,33.505,67
22.2333,47.3978,8.54561,34.078,67
22.4335,47.3978,8.54561,34.671,67
22.6346,47.3978,8.54561,35.22,67
22.8349,47.3978,8.54561,35.793,67
23.035,47.3978,8.54561,36.37,67
23.2351,47.3978,8.54561,36.975,67
23.4353,47.3978,8.54561,37.538,64
23.6354,47.3978,8.54561,38.124,64
23.8358,47.3978,8.54561,38.71,64
24.0359,47.3978,8.54561,39.295,64
24.2361,47.3978,8.54561,39.881,64
24.4362,47.3978,8.54561,40.465,64
24.6363,47.3978,8.54561,41.048,64
24.8364,47.3978,8.54561,41.629,64
25.0365,47.3978,8.54561,42.21,64
25.2367,47.3978,8.54561,42.79,64
25.4368,47.3978,8.54561,43.393,60
25.6369,47.3978,8.54561,43.93,60
25.837,47.3978,8.54561,44.446,60
26.0371,47.3978,8.54561,44.923,60
26.2373,47.3978,8.54561,45.382,60
26.4374,47.3978,8.54561,45.777,60
26.6376,47.3978,8.54561,46.171,60
26.8377,47.3978,8.54561,46.507,60
27.0379,47.3978,8.54561,46.83,60
27.238,47.3978,8.54561,47.128,60
27.4381,47.3978,8.54561,47.4,57
27.6383,47.3978,8.54561,47.648,57
27.8384,47.3978,8.54561,47.882,57
28.0385,47.3978,8.54561,48.079,57
28.2386,47.3978,8.54561,48.265,57
28.4388,47.3978,8.54561,48.434,57
28.6389,47.3978,8.54561,48.587,57
28.839,47.3978,8.54561,48.725,57
29.0391,47.3978,8.54561,48.851,57
29.2393,47.3978,8.54561,48.965,57
29.4394,47.3978,8.54561,49.068,54
29.6395,47.3978,8.54561,49.16,54
29.8402,47.3978,8.54561,49.246,54
30.0404,47.3978,8.54561,49.321,54
30.2406,47.3978,8.54561,49.392,54
30.4407,47.3978,8.54561,49.458,54
30.6408,47.3978,8.54561,49.52,54
30.8409,47.3978,8.54561,49.577,54
31.0412,47.3978,8.54562,49.622,54
31.2415,47.3978,8.54562,49.657,54
31.4416,47.3978,8.54563,49.683,50
31.6417,47.3978,8.54563,49.702,50
31.8422,47.3978,8.54564,49.715,50
32.0424,47.3978,8.54565,49.717,50
32.2426,47.3978,8.54567,49.708,50
32.4429,47.3978,8.54568,49.693,50
32.6431,47.3978,8.54569,49.678,50
32.8437,47.3978,8.5457,49.667,50
33.0438,47.3978,8.54571,49.659,50
33.2439,47.3978,8.54573,49.653,50
33.4441,47.3978,8.54574,49.649,47
33.6442,47.3978,8.54575,49.646,47
33.8459,47.3978,8.54576,49.644,47
34.046,47.3978,8.54578,49.643,47
34.2462,47.3978,8.54579,49.642,47
34.4463,47.3978,8.5458,49.639,47
34.6466,47.3978,8.54581,49.638,47
34.8467,47.3978,8.54583,49.636,47
35.0469,47.3978,8.54584,49.635,47
35.247,47.3978,8.54585,49.635,47
35.4482,47.3978,8.54586,49.635,44
35.6484,47.3978,8.54588,49.634,44
35.8486,47.3978,8.54589,49.634,44
36.0487,47.3978,8.5459,49.633,44
36.249,47.3978,8.54592,49.633,44
36.4491,47.3978,8.54593,49.633,44
36.6493,47.3978,8.54594,49.632,44
36.8494,47.3978,8.54595,49.632,44
37.0496,47.3978,8.54597,49.633,44
37.2497,47.3978,8.54598,49.634,44
37.4499,47.3978,8.54599,49.635,40
37.65,47.3978,8.546,49.635,40
37.8502,47.3978,8.54602,49.636,40
38.0503,47.3978,8.54602,49.636,40
38.2505,47.3978,8.54603,49.637,40
38.4507,47.3978,8.54604,49.638,40
38.6508,47.3978,8.54606,49.639,40
38.851,47.3978,8.54607,49.637,40
39.0511,47.3978,8.54608,49.636,40
39.2513,47.3978,8.5461,49.636,40
39.4514,47.3978,8.54611,49.636,37
39.6518,47.3978,8.54612,49.637,37
39.8521,47.3978,8.54613,49.638,37
40.0522,47.3978,8.54615,49.637,37
40.2523,47.3978,8.54616,49.637,37
40.4526,47.3978,8.54617,49.638,37
40.6527,47.3978,8.54619,49.64,37
40.8528,47.3978,8.5462,49.642,37
41.0529,47.3978,8.54621,49.644,37
41.253,47.3978,8.54623,49.645,37
41.4531,47.3978,8.54624,49.645,34
41.6532,47.3978,8.54625,49.647,34
41.8533,47.3978,8.54627,49.647,34
42.0535,47.3978,8.54628,49.647,34
42.2536,47.3978,8.54629,49.647,34
42.4537,47.3978,8.54631,49.647,34
42.6538,47.3978,8.54632,49.648,34
42.854,47.3978,8.54633,49.649,34
43.0543,47.3978,8.54635,49.65,34
43.2545,47.3978,8.54636,49.651,34
43.4546,47.3978,8.54637,49.652,30
43.6553,47.3978,8.54639,49.654,30
43.8555,47.3978,8.5464,49.655,30
44.0556,47.3978,8.54641,49.656,30
44.2557,47.3978,8.54643,49.657,30
44.4559,47.3978,8.54644,49.659,30
44.656,47.3978,8.54645,49.659,30
44.8576,47.3978,8.54647,49.66,30
45.0577,47.3978,8.54648,49.661,30
45.2581,47.3978,8.54649,49.661,30
45.4582,47.3978,8.54651,49.662,27
45.6584,47.3978,8.54652,49.665,27
45.8591,47.3978,8.54653,49.664,27
46.0592,47.3978,8.54655,49.662,27
46.2594,47.3978,8.54656,49.661,27
46.4595,47.3978,8.54657,49.661,27
46.6596,47.3978,8.54659,49.661,27
46.8597,47.3978,8.5466,49.661,27
47.0602,47.3978,8.54661,49.661,27
47.2611,47.3978,8.54663,49.661,27
47.4612,47.3978,8.54664,49.662,27
47.6614,47.3978,8.54665,49.662,24
47.8618,47.3978,8.54667,49.661,24
48.0619,47.3978,8.54668,49.661,24
48.2621,47.3978,8.54669,49.663,24
48.4622,47.3978,8.54671,49.666,24
48.6624,47.3978,8.54672,49.668,24
48.8627,47.3978,8.54673,49.669,24
49.0628,47.3978,8.54675,49.669,24
49.263,47.3978,8.54676,49.669,24
49.465,47.3978,8.54677,49.67,24
49.6656,47.3978,8.54678,49.672,20
49.8662,47.3978,8.5468,49.674,20
50.0664,47.3978,8.54681,49.678,20
50.2671,47.3978,8.54682,49.682,20
50.4673,47.3978,8.54684,49.686,20
50.6677,47.3978,8.54685,49.686,20
50.8678,47.3978,8.54686,49.684,20
51.068,47.3978,8.54688,49.682,20
51.2689,47.3978,8.54689,49.681,20
51.469,47.3978,8.5469,49.681,20
51.6691,47.3978,8.54692,49.68,17
51.87,47.3978,8.54693,49.681,17
52.0702,47.3978,8.54694,49.683,17
52.2703,47.3978,8.54696,49.685,17
52.4734,47.3978,8.54697,49.688,17
52.6736,47.3978,8.54698,49.69,17
52.8739,47.3978,8.547,49.692,17
53.0741,47.3978,8.54701,49.694,17
53.2742,47.3978,8.54702,49.695,17
53.4743,47.3978,8.54704,49.696,17
53.6745,47.3978,8.54705,49.697,14
53.8748,47.3978,8.54707,49.695,14
54.075,47.3978,8.54708,49.692,14
54.2752,47.3978,8.54709,49.69,14
54.4753,47.3978,8.54711,49.688,14
54.6769,47.3978,8.54711,49.688,14
54.877,47.3978,8.54712,49.686,14
55.0771,47.3978,8.54713,49.685,14
55.2773,47.3978,8.54714,49.685,14
55.4774,47.3978,8.54716,49.685,14
55.6777,47.3978,8.54717,49.685,10
55.8781,47.3978,8.54718,49.686,10
56.0783,47.3978,8.5472,49.685,10
56.2784,47.3978,8.54721,49.685,10
56.4785,47.3978,8.54722,49.686,10
56.679,47.3978,8.54724,49.688,10
56.8792,47.3978,8.54725,49.69,10
57.0793,47.3978,8.54726,49.692,10
57.2795,47.3978,8.54728,49.693,10
57.4797,47.3978,8.54729,49.696,10
57.6806,47.3978,8.5473,49.697,7
57.8808,47.3978,8.54732,49.697,7
58.081,47.3978,8.54733,49.694,7
58.2811,47.3978,8.54734,49.692,7
58.4812,47.3978,8.54735,49.69,7
58.6813,47.3978,8.54737,49.69,7
58.8815,47.3978,8.54738,49.688,7
59.0816,47.3978,8.54739,49.684,7
59.2819,47.3978,8.54739,49.682,7
59.482,47.3978,8.5474,49.683,7
59.6823,47.3978,8.5474,49.686,4
59.8826,47.3978,8.54741,49.688,4
60.0827,47.3978,8.54741,49.69,4
60.2829,47.3978,8.54741,49.692,4
60.483,47.3978,8.54741,49.692,4
60.6831,47.3978,8.54741,49.693,4
60.8838,47.3978,8.54741,49.695,4
61.0839,47.3978,8.54741,49.697,4
61.2844,47.3978,8.54741,49.696,4
61.4845,47.3978,8.54741,49.695,4
61.685,47.3978,8.54741,49.695,4
61.8851,47.3978,8.54741,49.695,1
62.0852,47.3978,8.54741,49.694,1
62.2854,47.3978,8.54741,49.693,1
62.4855,47.3978,8.54741,49.693,1
62.6856,47.3978,8.54741,49.694,1
62.8858,47.3978,8.54741,49.695,1
63.0861,47.3978,8.54741,49.687,1
63.2862,47.3978,8.54741,49.627,1
63.4863,47.3978,8.54741,49.482,1
63.6864,47.3978,8.54741,49.231,1
63.8866,47.3978,8.54741,48.941,0
64.0867,47.3978,8.54741,48.643,0
64.2868,47.3978,8.54741,48.372,0
64.4871,47.3978,8.54741,48.092,0
64.6873,47.3978,8.54741,47.806,0
64.888,47.3978,8.54741,47.517,0
65.0884,47.3978,8.54741,47.226,0
65.2899,47.3978,8.54741,46.933,0
65.49,47.3978,8.54741,46.637,0
65.693,47.3978,8.54741,46.34,0
65.8939,47.3978,8.54741,46.043,0
66.0942,47.3978,8.54741,45.745,0
66.2944,47.3978,8.54741,45.447,0
66.4945,47.3978,8.54741,45.136,0
66.6946,47.3978,8.54741,44.848,0
66.8951,47.3978,8.54741,44.549,0
67.0953,47.3978,8.54741,44.25,0
67.2954,47.3978,8.54741,43.949,0
67.4956,47.3978,8.54741,43.648,0
67.697,47.3978,8.54741,43.346,0
67.8971,47.3978,8.54741,43.046,0
68.0972,47.3978,8.54741,42.744,0
68.2973,47.3978,8.54741,42.43,0
68.4974,47.3978,8.54741,42.14,0
68.6978,47.3978,8.54741,41.839,0
68.8979,47.3978,8.54741,41.539,0
69.0981,47.3978,8.54741,41.239,0
69.2983,47.3978,8.54741,40.939,0
69.4987,47.3978,8.54741,40.639,0
69.6989,47.3978,8.54741,40.339,0
69.899,47.3978,8.54741,40.039,0
70.0991,47.3978,8.54741,39.739,0
70.2993,47.3978,8.54741,39.438,0
70.4994,47.3978,8.54741,39.137,0
70.6995,47.3978,8.54741,38.824,0
70.8996,47.3978,8.54741,38.535,0
71.0998,47.3977,8.54741,38.235,0
71.3,47.3977,8.54741,37.934,0
71.5001,47.3977,8.54741,37.631,0
71.7008,47.3978,8.54741,37.33,0
71.9009,47.3977,8.54741,37.027,0
72.101,47.3977,8.54741,36.726,0
72.3011,47.3977,8.54741,36.425,0
72.5013,47.3977,8.54741,36.125,0
72.7014,47.3978,8.54741,35.825,0
72.9016,47.3978,8.54741,35.526,0
73.1017,47.3978,8.54741,35.227,0
73.3018,47.3978,8.54741,34.927,0
73.5019,47.3978,8.54741,34.627,0
73.7021,47.3978,8.54741,34.327,0
73.9022,47.3978,8.54741,34.025,0
74.1024,47.3978,8.54741,33.714,0
74.3025,47.3978,8.54741,33.426,0
74.5026,47.3978,8.54741,33.126,0
74.7028,47.3978,8.54741,32.826,0
74.9029,47.3978,8.54741,32.526,0
75.1031,47.3978,8.54741,32.227,0
75.3034,47.3978,8.54741,31.929,0
75.5037,47.3978,8.54741,31.631,0
75.7038,47.3978,8.54741,31.332,0
75.904,47.3978,8.54741,31.032,0
76.1041,47.3978,8.54741,30.732,0
76.3043,47.3978,8.54741,30.433,0
76.5045,47.3978,8.54741,30.134,0
76.7046,47.3978,8.54741,30.134,0
76.9048,47.3978,8.54741,29.833,0
77.105,47.3978,8.54741,29.534,0
77.3052,47.3978,8.54741,29.234,0
77.5053,47.3978,8.54741,28.934,0
77.7055,47.3978,8.54741,28.634,0
77.9059,47.3978,8.54741,28.335,0
78.1061,47.3978,8.54741,28.036,0
78.3062,47.3978,8.54741,27.736,0
78.5065,47.3978,8.54741,27.436,0
78.7067,47.3978,8.54741,27.135,0
78.9068,47.3978,8.54741,26.834,0
79.1069,47.3978,8.54741,26.534,0
79.3073,47.3978,8.54741,26.232,0
79.5075,47.3978,8.54741,25.931,0
79.7076,47.3978,8.54741,25.631,0
79.9077,47.3978,8.54741,25.331,0
80.1079,47.3978,8.54741,25.031,0
80.308,47.3978,8.54741,24.731,0
80.5082,47.3978,8.54741,24.43,0
80.7083,47.3978,8.54741,24.13,0
80.909,47.3978,8.54741,23.829,0
81.1091,47.3978,8.54741,23.532,0
81.3093,47.3978,8.54741,23.234,0
81.5094,47.3978,8.54741,22.936,0
81.7096,47.3978,8.54741,22.625,0
81.9099,47.3978,8.54741,22.337,0
82.11,47.3978,8.54741,22.037,0
82.3101,47.3978,8.54741,21.737,0
82.5102,47.3978,8.54741,21.437,0
82.7105,47.3978,8.54741,21.136,0
82.9107,47.3978,8.54741,20.835,0
83.1108,47.3978,8.54741,20.534,0
83.3109,47.3978,8.54741,20.235,0
83.5111,47.3978,8.54741,19.936,0
83.7115,47.3978,8.54741,19.633,0
83.9117,47.3978,8.54741,19.331,0
84.1118,47.3978,8.54741,19.031,0
84.312,47.3978,8.54741,18.732,0
84.5121,47.3978,8.54741,18.431,0
84.7123,47.3978,8.54741,18.129,0
84.9124,47.3978,8.54741,17.829,0
85.1125,47.3978,8.54741,17.517,0
85.3127,47.3978,8.54741,17.23,0
85.5128,47.3978,8.54741,16.931,0
85.7129,47.3978,8.54741,16.632,0
85.9131,47.3978,8.54741,16.332,0
86.1134,47.3978,8.54741,16.032,0
86.3135,47.3978,8.54741,15.731,0
86.5137,47.3978,8.54741,15.43,0
86.7138,47.3978,8.54741,15.129,0
86.9139,47.3978,8.54741,14.816,0
87.1144,47.3978,8.54741,14.527,0
87.3146,47.3978,8.54741,14.228,0
87.5148,47.3978,8.54741,13.928,0
87.7149,47.3978,8.54741,13.628,0
87.9152,47.3978,8.54741,13.329,0
88.1154,47.3978,8.54741,13.031,0
88.3156,47.3978,8.54741,12.732,0
88.5157,47.3978,8.54741,12.432,0
88.717,47.3978,8.54741,12.131,0
88.9171,47.3978,8.54741,11.831,0
89.1177,47.3978,8.54741,11.532,0
89.3178,47.3978,8.54741,11.221,0
89.518,47.3978,8.54741,10.933,0
89.7182,47.3978,8.54741,10.634,0
89.919,47.3978,8.54741,10.333,0
90.1192,47.3978,8.54741,10.032,0
90.3193,47.3978,8.54741,9.734,0
90.5195,47.3978,8.54741,9.447,0
90.7203,47.3978,8.54741,9.17,0
90.9205,47.3978,8.54741,8.902,0
91.1206,47.3978,8.54741,8.64,0
91.3208,47.3978,8.54741,8.388,0
91.521,47.3978,8.54741,8.142,0
91.722,47.3978,8.54741,7.908,0
91.9221,47.3978,8.54741,7.682,0
92.1223,47.3978,8.54741,7.682,0
92.3226,47.3978,8.54741,7.465,0
92.5228,47.3978,8.54741,7.255,0
92.7229,47.3978,8.54741,7.051,0
92.923,47.3978,8.54741,6.843,0
93.1237,47.3978,8.54741,6.659,0
93.3238,47.3978,8.54741,6.472,0
93.5242,47.3978,8.54741,6.29,0
93.7243,47.3978,8.54741,6.112,0
93.9244,47.3978,8.54741,5.939,0
94.1246,47.3978,8.54741,5.771,0
94.3248,47.3978,8.54741,5.611,0
94.5249,47.3978,8.54741,5.454,0
94.725,47.3978,8.54741,5.3,0
94.9252,47.3978,8.54741,5.15,0
95.1253,47.3978,8.54741,5.006,0
95.3255,47.3978,8.54741,4.866,0
95.5256,47.3978,8.54741,4.725,0
95.7258,47.3978,8.54741,4.583,0
95.926,47.3978,8.54741,4.442,0
96.1265,47.3978,8.54741,4.3,0
96.3266,47.3978,8.54741,4.161,0
96.5267,47.3978,8.54741,4.021,0
96.727,47.3978,8.54741,3.881,0
96.9272,47.3978,8.54741,3.743,0
97.1273,47.3978,8.54741,3.598,0
97.3274,47.3978,8.54741,3.465,0
97.5276,47.3978,8.54741,3.325,0
97.7278,47.3978,8.54741,3.184,0
97.9279,47.3978,8.54741,3.043,0
98.128,47.3978,8.54741,2.902,0
98.3281,47.3978,8.54741,2.763,0
98.5282,47.3978,8.54741,2.626,0
98.7283,47.3978,8.54741,2.488,0
98.9284,47.3978